{
  "project_info": {
    "project_number": "805314646057",
    "firebase_url": "https://mahimess-385ee.firebaseio.com",
    "project_id": "mahimess-385ee",
    "storage_bucket": "mahimess-385ee.appspot.com"
  },
  "client": [
    {
      "client_info": {
        "mobilesdk_app_id": "1:805314646057:android:6abee66e06a81a3b",
        "android_client_info": {
          "package_name": "com.example.bmrd.mahimess"
        }
      },
      "oauth_client": [
        {
          "client_id": "805314646057-32n7jstkrrbuo5e5r19oor8o37c3b2aq.apps.googleusercontent.com",
          "client_type": 1,
          "android_info": {
            "package_name": "com.example.bmrd.mahimess",
            "certificate_hash": "897ecf2e60923d2333316b6249358154ed94950c"
          }
        },
        {
          "client_id": "805314646057-f9sq7gselmlfjtli1a6f6oqcll384f65.apps.googleusercontent.com",
          "client_type": 3
        }
      ],
      "api_key": [
        {
          "current_key": "AIzaSyCPTfliVU1xRxJ7srfAh-YsE6EMeOeCRYs"
        }
      ],
      "services": {
        "analytics_service": {
          "status": 1
        },
        "appinvite_service": {
          "status": 2,
          "other_platform_oauth_client": [
            {
              "client_id": "805314646057-f9sq7gselmlfjtli1a6f6oqcll384f65.apps.googleusercontent.com",
              "client_type": 3
            }
          ]
        },
        "ads_service": {
          "status": 2
        }
      }
    }
  ],
  "configuration_version": "1"
}